{"5c8fa60b-a861-490a-a90c-5ab9d083276f": {"company_size": "100-249", "industry": "Health", "state": "TN", "categories": ["Privacy", "Private Sector Use"]}, "95c5e06d-d180-4f18-97aa-05cde7d0e1db": {"company_size": "100-249", "industry": "Health", "state": "TN", "categories": ["Privacy", "Private Sector Use"]}, "2e2307f7-7ea2-42f5-a34e-8ae45a9e190b": {"company_size": "100-249", "industry": "Tech", "state": "TN", "categories": ["Private Sector Use", "Privacy"]}, "d958435e-fb2f-4cb5-bc7d-71ad649315bd": {"company_size": "100-249", "industry": "Tech", "state": "TN", "categories": ["Private Sector Use", "Privacy"]}, "6a0de24e-c3c2-42b2-8208-8607ef9e4cd2": {"company_size": "100-249", "industry": "Tech", "state": "TN", "categories": ["Private Sector Use", "Privacy"]}, "af701862-e8bb-4586-958b-272ddf07091b": {"company_size": "100-249", "industry": "Tech", "state": "TN", "categories": ["Private Sector Use", "Privacy"]}, "11c98650-e053-491e-867a-bce7050e7f2e": {"company_size": "100-249", "industry": "Tech", "state": "TN", "categories": ["Private Sector Use", "Privacy"]}, "881ca68c-e1c7-4d7a-9327-c4530b1952bd": {"company_size": "100-249", "industry": "Tech", "state": "TN", "categories": ["Private Sector Use", "Privacy"]}, "c6b151aa-5541-4c05-9ec5-b5cd04ef021d": {"company_size": "100-249", "industry": "Tech", "state": "TN", "categories": ["Private Sector Use", "Privacy"]}, "7bc1e107-847a-47e5-bb10-2e43f3fe5a34": {"company_size": "100-249", "industry": "Tech", "state": "TN", "categories": ["Private Sector Use", "Privacy"]}, "2e5acf85-22fc-4cee-a42b-fdf7a9a5ef3d": {"company_size": "100-249", "industry": "Tech", "state": "TN", "categories": ["Private Sector Use", "Privacy"]}, "147d8ec6-3b3a-45ab-85a6-45cf0a586349": {"company_size": "100-249", "industry": "Tech", "state": "TN", "categories": ["Private Sector Use", "Privacy"]}, "8904d065-7fb0-46a4-9e80-7297c6e9a5cb": {"company_size": "100-249", "industry": "Tech", "state": "TN", "categories": ["Private Sector Use", "Privacy"]}, "906b5f11-b1c9-41e3-87e3-54e1366c9260": {"company_size": "100-249", "industry": "Tech", "state": "TN", "categories": ["Private Sector Use", "Privacy"]}, "357fca50-64f7-4bc9-831e-5cbded1ad85b": {"company_size": "100-249", "industry": "Tech", "state": "TN", "categories": ["Private Sector Use", "Privacy"]}, "67c1ffa8-b589-4e7a-8da0-08531cfa3ed9": {"company_size": "100-249", "industry": "Tech", "state": "TN", "categories": ["Private Sector Use", "Privacy"]}, "3363209f-6942-4bd0-8425-4253dd520a31": {"company_size": "100-249", "industry": "Tech", "state": "TN", "categories": ["Private Sector Use", "Privacy"]}, "95d0f37b-a199-40f9-8bd1-e42d93ded08c": {"company_size": "100-249", "industry": "Tech", "state": "TN", "categories": ["Private Sector Use", "Privacy"]}, "f55893a1-f5ed-40a9-966d-6a625607eade": {"company_size": "100-249", "industry": "Tech", "state": "TN", "categories": ["Private Sector Use", "Privacy"]}, "598d6f33-e788-482c-9617-ec0d30566295": {"company_size": "100-249", "industry": "Tech", "state": "CA", "categories": ["Private Sector Use", "Privacy"]}, "cfc7dac2-bd7c-481c-8e77-2c0cfdf202d8": {"company_size": "50-99", "industry": "Tech", "state": "TN", "categories": ["Private Sector Use"]}, "5038d9ff-1190-4ee5-8d8f-4d74dbe84cc3": {"company_size": "50-99", "industry": "Business", "state": "GA", "categories": []}, "89bde864-57d4-4760-b77f-30c05970350c": {"company_size": "50-99", "industry": "Business", "state": "GA", "categories": []}, "da82b360-5d85-4440-8884-495ca99447e0": {"company_size": "50-99", "industry": "Business", "state": "UT", "categories": []}, "650dd4a9-4e77-4163-ade6-b4b7a179cdd1": {"company_size": "50-99", "industry": null, "state": null, "categories": []}, "522172dc-4a9a-434d-a5e3-b5b7057913c7": {"company_size": "50-99", "industry": null, "state": "NY", "categories": []}, "ad48b8c7-f751-416d-9a05-7067b2ac2b68": {"company_size": "50-99", "industry": null, "state": "NY", "categories": ["Private Sector Use"]}}